evaluation,accuracy,id,date,title,contents
-1,down,130768,2021-11-26,Grayscale says metaverse is a 1 trillion industry following rise of MANA SAND and AXS, According to the authors of the report users of metaverse-based wallets have increased by 10x since the beginning of the year to around 50000 active wallets. It continued that the space though still very much new could become mainstream in the coming years if it continues with its current growth trajectory.
1,up,130762,2021-11-25,TA Ethereum Gains Momentum Dips Turn Attractive In Near-Term,trillion industry following
-1,down,130757,2021-11-24,TA Ethereum Gains Momentum Dips Turn Attractive In Near-Term,trillion industry following
1,up,130754,2021-11-23,TA Ethereum Gains Momentum Dips Turn Attractive In Near-Term,trillion industry following
1,up,130754,2021-11-23,TA Ethereum Gains Momentum Dips Turn Attractive In Near-Term,trillion industry following
1,up,130754,2021-11-23,TA Ethereum Gains Momentum Dips Turn Attractive In Near-Term,trillion industry following
1,up,130754,2021-11-23,TA Ethereum Gains Momentum Dips Turn Attractive In Near-Term,trillion industry following
1,up,130754,2021-11-23,TA Ethereum Gains Momentum Dips Turn Attractive In Near-Term,trillion industry following
1,up,130754,2021-11-23,TA Ethereum Gains Momentum Dips Turn Attractive In Near-Term,trillion industry following
1,up,130754,2021-11-23,TA Ethereum Gains Momentum Dips Turn Attractive In Near-Term,trillion industry following
1,up,130754,2021-11-23,TA Ethereum Gains Momentum Dips Turn Attractive In Near-Term,trillion industry following
1,up,130754,2021-11-23,TA Ethereum Gains Momentum Dips Turn Attractive In Near-Term,trillion industry following
1,up,130754,2021-11-23,TA Ethereum Gains Momentum Dips Turn Attractive In Near-Term,trillion industry following
1,up,130754,2021-11-23,TA Ethereum Gains Momentum Dips Turn Attractive In Near-Term,trillion industry following
1,up,130754,2021-11-23,TA Ethereum Gains Momentum Dips Turn Attractive In Near-Term,trillion industry following
1,up,130754,2021-11-23,TA Ethereum Gains Momentum Dips Turn Attractive In Near-Term,trillion industry following
1,up,130754,2021-11-23,TA Ethereum Gains Momentum Dips Turn Attractive In Near-Term,trillion industry following
1,up,130754,2021-11-23,TA Ethereum Gains Momentum Dips Turn Attractive In Near-Term,trillion industry following
1,up,130754,2021-11-23,TA Ethereum Gains Momentum Dips Turn Attractive In Near-Term,trillion industry following
1,up,130754,2021-11-23,TA Ethereum Gains Momentum Dips Turn Attractive In Near-Term,trillion industry following
1,up,130754,2021-11-23,TA Ethereum Gains Momentum Dips Turn Attractive In Near-Term,trillion industry following
1,up,130754,2021-11-23,TA Ethereum Gains Momentum Dips Turn Attractive In Near-Term,trillion industry following
1,up,130754,2021-11-23,TA Ethereum Gains Momentum Dips Turn Attractive In Near-Term,trillion industry following
1,up,130754,2021-11-23,TA Ethereum Gains Momentum Dips Turn Attractive In Near-Term,trillion industry following
1,up,130754,2021-11-23,TA Ethereum Gains Momentum Dips Turn Attractive In Near-Term,trillion industry following
1,up,130754,2021-11-23,TA Ethereum Gains Momentum Dips Turn Attractive In Near-Term,trillion industry following
1,up,130754,2021-11-23,TA Ethereum Gains Momentum Dips Turn Attractive In Near-Term,trillion industry following
1,up,130754,2021-11-23,TA Ethereum Gains Momentum Dips Turn Attractive In Near-Term,trillion industry following
1,up,130754,2021-11-23,TA Ethereum Gains Momentum Dips Turn Attractive In Near-Term,trillion industry following
1,up,130754,2021-11-23,TA Ethereum Gains Momentum Dips Turn Attractive In Near-Term,trillion industry following
