accuracy,contents,date,evaluation,id,title
up,암호화폐 전문 미디어 코인텔레그래프에 따르면 미국 법원이 현지 암호화폐 거래소 코인시드에 만 달러의 벌금형을 내렸다. 코인시드를 기소한 미국 뉴욕 검찰청 측은 해당 거래소는 고객의 동의 없이 고객의 자산을 무단으로  코인으로 전환했다. 또 법원이 내린 영업 중단 명령을 무시하고 지속적으로 사기 행위에 가담했으며 비윤리적인 영업을 계속해 왔다고 지적했다. 지난 월 는 코인시드가 투자자들로부터 만 달러 이상을 편취하고 미국 등록법을 위반했다며 현지 법원에 기소한 바 있다. 이에 지난 월 코인시드 측은 법원 명령에 따라 운영을 중단한다고 밝힌 바 있다.,2021-09-14,1,70898,암호화폐 거래소 코인시드 고객 자금 무단 운용 만 달러 벌금
up,인도 마드라스 공과대학교가 헤데라 해시그래프 운영위원회거버닝 카운슬에 합류했다고 밝혔다. 헤데라 해시그래프는 네트워크의 탈중앙화 관리를 총괄하는 헤데라 거버닝 카운슬을 운영하고 있으며 위원회에는 구글  보잉 노무라 도이치텔레콤 등 글로벌 기업들이 참여하고 있다. 학술기관 중에서는 유니버시티 칼리지 런던과 런던정치경제대학교가 잇따라 운영위에 합류한 바 있다. 코인마켓캡 기준 는 현재 . 오른 . 달러에 거래되고 있다.,2021-09-14,1,70897,인도 마드라스 공과대 헤데라해시그래프 운영 위원회 합류
up,미국 민주당 하원 의원들이 암호화폐 거래에 워시세일  규정을 적용하고 고소득자의 양도소득세를 인상하는 법안을 제출했다고 년 월 일현지시간 코인텔레그래프가 보도했다.,2021-09-14,1,70896,하원 의원들 암호화폐에 절세법 적용 및 양도소득세 인상안 제안
up,비트코인 채굴업체 그리니지 제너레이션 가 월 일이하 현지시간 나스닥에 상장될 예정이다.,2021-09-14,1,70895,비트코인 채굴업체 그리니지 제너레이션 월 일 나스닥 상장 예정
up,볼로디미르 젤렌스키 우크라이나 대통령이 암호화폐 도입에 관한 연구 목적으로 엘살바도르에 조사팀을 파견했다고 비트코이니스트가 전했다. 현지 교수 뱌체슬라프 예브게니프 는 젤렌스키 대통령은 년 초까지 자국 화폐인 흐리우냐와 비트코인의 이중 화폐 시스템을 도입하길 희망하고 있다며 심지어 비트코인이 흐리우냐보다 더 우월한 지위를 차지하도록 밀어붙일 가능성도 있다고 말했다. 우크라이나가 비트코인을 적극 도입하려는 배경에 대해서는 러시아의 영향력으로부터 벗어나려는 시도라고 풀이했다. 앞서 일현지시간 우크라이나 의회는 암호화폐의 법적 지위를 인정하는 내용의 가상자산법법안 을 통과시킨 바 있다.,2021-09-14,1,70894,우크라이나 대통령 엘살바도르에 조사팀 파견... 암호화폐 도입 연구 목적
up,코인데스크에 따르면 호주 후불 결제 서비스 업체 집이 모바일 앱을 통해 암호화폐 구매 판매 보유 및 결제 기능을 지원한다고 밝혔다. 앞서 피터 그레이 집 는 지난 월 년 내로 암호화폐 서비스를 출시할 예정이라고 밝힌 바 있다. 암호화폐 결제 기능은 미국 사용자들을 대상으로 우선 출시된 후 전세계로 서비스 범위를 확대될 예정이다. 이에 대해 집 측은 암호화폐 기능을 제공 밀레니얼 파이낸스 다이어트 트렌드를 주도할 예정이라고 밝혔다. 집은 또한 오는 년에는 암호화폐 결제에 이어 구매 시 보상을 비트코인으로 전환할 수 있는 캐시백 서비스도 출시할 예정이다.,2021-09-14,1,70893,호주  서비스 집 암호화폐 결제 및 구매 서비스 출시
up,크립토펑크 개발사 라바랩스에 따르면 크립토펑크의 최저 가격 이 .약 .만 달러를 기록  를 밑돌고 있는 것으로 나타났다.,2021-09-14,1,70892,크립토펑크 최저 가격   하회
up,비트코인닷컴에 따르면  콘텐츠 마케팅 플랫폼 푸푸가 만 달러 투자를 유치했다고 밝혔다. 이번 투자에는  팩컬티 그룹 박스마이닝 등이 참여했다. 투자금은 팀 확장 콘텐츠 개발 등에 쓰일 예정이다. 푸푸는 고객사가 홍보성 퀴즈를 만들고 공유하며 사람들에게  보상을 제공하도록 지원하는 콘텐츠 마케팅 플랫폼이다.,2021-09-14,1,70891,콘텐츠 마케팅 플랫폼 푸푸 만 달러 투자 유치
up,잭 도시 트위터 창업자가 이끄는 모바일 결제 서비스 스퀘어가 암호화폐 관련 특허 분쟁을 줄이기 위해 오픈 인벤션 네트워크에 합류했다고 밝혔다. 오픈 인벤션 네트워크는 세계 최대 오픈 소스 보호 단체로 리눅스 시스템 및 관련 오픈 소스를 특허 괴물의 공격으로부터 보호하기 위한 단체다. 스퀘어는 앞서 회원사 간 특허 소송을 하지 않는다고 서약하는 암호화폐 공개 특허 얼라이언스를 결성 암호화폐 특허 라이브러리를 공개한 바 있다. 오픈 인벤션 네트워크는 전세계적으로 개 이상의 회원사를 두고 있으며 마이크로소프트 굴글 오라클 등이 포함되어 있다.,2021-09-14,1,70890,스퀘어 암호화폐 특허 분쟁 해소 위해 오픈 인벤션 네트워크 합류
up,나입 부켈레 엘살바도르 대통령이 트위터를 통해 비트코인 월렛 치보 사용자가 만명을 넘어섰다고 밝혔다. 그는 또한 앞서 발생했던 기술 결함은  해결된 상태이며 수일 내 결함 복구가 완료될 것이라고 전했다. 이어 치보의 신규 사용자 등록 및 신형 스마트폰과 호환성은 당분간 중단될 예정이며 이 역시 며칠 내 해결될 것이라고 말했다. 앞서 치보가 출시된 이후 다운로드 조작과 관련한 결함이 발견된 바 있다. 비트코인 과 신용카드직불카드 관련 엘살바도르와 미국 일부 지역에 각각 설치된 대 대 치보 는 현재 정상 작동 중이라며 비트코인 신용카드직불카드는 내일부터 사용 가능하며 이에 대한 수수료는 전세계 어디서든 면제라고 설명했다. 또한 비트코인의 최소 이체 한도를 기존 달러에서 .달러로 낮췄다고 덧붙였다.,2021-09-14,1,70888,엘살바도르 대통령  월렛 치보 사용자 만명 돌파
up,테슬라 이자 도지 아빠로 유명한 일론 머스크가 또다시 트윗을 통해 암호화폐에 영향력을 미쳤다. 머스크가 언급한 암호화폐는 하루에  폭등했다.,2021-09-14,1,70887,일론 머스크가 또 새로운 트윗에 시바 플로키 하루에  폭등
up,키르포스 공화국이 암호화폐의 법적 지위를 인정했다.,2021-09-14,1,70886,키프로스 공화국 암호화폐 법적 지위 인정금융 혁신 진행 중
up,코인쉐어스의 디지털 자산 주간 펀드 자금 흐름 보고서에 따르면 지난주 전세계 암호화폐 투자 상품에 만 달러가 순유입됐다. 주 연속 순유입 기록이다. 솔라나 관련 투자 펀드로 만 달러 넘게 유입되며 전체 암호화폐 투자 펀드 자금 유입을 견인했다. 반면  투자 펀드로 유입된 자금은 전주와 비슷했고  투자 상품은 소폭의 순유출만 달러을 기록했다.,2021-09-14,1,70885,전세계 암호화폐 투자 펀드 주 연속 순유입...솔라나 급증
up, 마켓 플레이스 오픈씨의 누적 거래량이 억 달러를 돌파했다. 총 거래자 수는 만명으로 추산됐다. 이는  플랫폼 최대 규모 거래량 기록이다. 위는  게임 엑시 인피니티로 .억 달러의 누적 거래량을 기록하고 있다. 총 이용자 수는 만명이다. 위는 크립토펑크로 .억 달러의 거래량을 나타내고 있다. 총 거래자 수는 명이다.,2021-09-14,1,70884,오픈씨 누적 거래량 억 달러 돌파
up,이더리움. 클라이언트 프리즘 개발사 프리즈매틱랩스가 공식 깃허브 채널을 통해 프리즘  클라이언트 ... 버전을 출시했다고 밝혔다. 이에 따라 이더리움. 테스트넷 프리몬트 상의 모든 노드들은 업그레이드를 진행해야 한다는 게 프리즈매틱랩스 측의 설명이다. 프리몬트는 에폭 높이 에서 알테어 업그레이드를 진행할 예정이다.,2021-09-14,1,70883,. 클라이언트 프리즘 ... 버전 출시
up,디파이 렌딩 플랫폼 포튜브가 공식 채널을 통해 암호화폐 결제 솔루션 알케미 페이와 전략적 파트너십을 체결했다고 일 밝혔다. 이를 통해 양측은 유동성 담보 대출 합성 자산 등 분야에서 협력을 추진한다는 설명이다. 또 이번 파트너십의 일환으로 포튜브는 이더리움 기반 버전에 알케미 페이의 자체 토큰 를 일 시 상장할 예정이라고 덧붙였다. 사용자는  토큰을 포튜브 플랫폼에 예치해 이자 수익을 거둘 수 있으며  토큰을 담보로 기타 자산의 대출이 가능하다는 설명이다.,2021-09-14,1,70882,포튜브 알케미페이와 파트너십 체결... 상장
up,러쉬코인 재단이 공식 채널을 통해 국내 게임 개발사 픽셀그라운드와 플레이투언   관련 서비스 계약을 체결했다고 일 밝혔다. 픽셀그라운드는 한국형 격투게임과 배트로얄 장르를 결합한 서바이벌 게임이다. 이번 협업을 통해 러쉬코인은 픽셀그라운드에 플레이투언 방식을 도입 유저가 게임 플레이와 동시에 코인을 보상받을 수 있는 시스템을 구축할 예정이다. 앞서 러쉬코인 재단은 자체 플레이투언 게임 인피니티러쉬를 월 초 출시할 예정이라고 밝힌 바 있다.,2021-09-14,1,70881,러쉬코인 재단 픽셀그라운드와 플레이투언 게임 서비스 계약
up,미국 대형 헤지펀드 아크 인베스트먼트의 설립자 겸 최고경영자 캐시 우드가 일현지 시간 미국 뉴욕에서 개최된 세계 최대 헤지펀드 포럼 월스트리트 솔트 컨퍼런스에 참석해 비트코인 가격은 년 내 만 달러를 돌파할 가능성이 있다고 말했다. 이와 관련해 그는 만약 우리의 예상이 맞다면 기업들은 보유하고 있는 현금을 암호화폐와 같은 자산에 할당하게 될 것이며 기관 투자자들이 포트폴리오의 를 암호화폐에 할당하기 시작한다면 비트코인 가격이 지금의 배 이상 상승하는 것도 충분히 가능하다고 설명했다. 또 그는 이날 이더리움에 대한 확신이 있으며 투자 포트폴리오 중 를 비트코인 를 이더리움으로 구성하고 있다며 현재 대체불가토큰을 직접 보유하고 있진 않지만  산업의 전망은 밝다고 생각한다고 덧붙였다.,2021-09-14,1,70880,캐시 우드 비트코인 만 달러 돌파 가능... 전망 밝다
up,암호화폐 자산운용사 코인쉐어스가 일 발표한 디지털 자산 펀드 흐름 주간 보고서에 따르면 지난 월 일부터 월 일까지 솔라나 관련 투자 상품으로 유입된 자금이 만 달러를 기록한 것으로 나타났다. 이는 전체 암호화폐 투자 상품에 유입된 자금 만 달러 중 약 .를 차지한다.  투자 상품에 유입된 자금은 전주 대비  증가했으며 해당 기간  가격은  상승한 것으로 나타났다. 코인마켓캡 기준 은 현재 . 오른 . 달러에 거래되고 있다.,2021-09-14,1,70879,데이터 지난주  투자 상품으로 만 달러 유입
up,코인데스크에 따르면 글로벌 회계컨설팅법인 한영이 폴리곤의 블록체인 확장 솔루션인 커미트 체인 스케일링 솔루션   을 도입했다고 밝혔다. 고객사에게 예측 가능한 거래 및 결제 서비스를 제공하기 위함이다. 한영은 폴리곤 솔루션을 기반으로 프라이빗 인더스트리 체인을 구축했다며 이더리움 메인넷과 긴밀한 관계를 유지함과 동시에 이전보다 보안성이 한층 강화된 서비스를 제공할 것이라고 전했다. 한편 한영은 월 디파이 애플리케이션에 시뮬레이션되는 스마트 컨트렉트를 실행하는 테스트 스튜디오를 포함 세대 스마트 컨트렉트 및 토큰 심사 도구  를 출시한 바 있다.,2021-09-14,1,70878,한영 폴리곤 확장 솔루션 도입
up,가장 유망한 블록체인 기술 중 하나로 꼽히는 스마트 컨트랙트의 보안 취약점을 자동으로 검출하는 기술이 등장했다.,2021-09-14,1,70877,블록체인 스마트 컨트랙트 취약점 검출 가능해져기술적 한계 극복
up,영국에서 년 안에 암호화페를 비롯한 디지털 자산이 전통적인 통화를 대체할 것이라는 설문조사 결과가 나왔다.,2021-09-14,1,70876,영국 금융 기업  디지털 자산 년 내 법정화폐 대안 된다
up,미 증권거래 위원회 위원장이 암호화폐 거래소가 증권거래소로 등록해야한다고 주장했다.,2021-09-14,1,70875,위원장 암호화폐 거래소 증권 거래소로 등록해야
up, 소각 관련 데이터 플랫폼 울트라사운드닷머니에 따르면 일 기준 이더리움 네트워크에서 소각한  물량이 만 개를 돌파했다. 현재 이더리움 네트워크는 누적  를 소각했으며 분당 .  블록 당 평균 . 를 소각하고 있다. 코인마켓캡 기준 는 현재 . 내린 . 달러에 거래되고 있다.,2021-09-14,1,70874,누적 소각량 만 개 돌파
up,블록체인 기술을 활용한 게임으로 유명한 위메이드의 위믹스월렛에서 위믹스토큰과 클레이을 스왑하는 기능이 추가됐다.,2021-09-14,1,70873,위메이드트리 위믹스 월렛으로 클레이 교환 가능해져
up,중국 기업 텐센트가 유네스코 세계문화유산으로 등재된 둔황석굴의 벽화를 대체불가토큰으로 발행했다고 년 월 일현지시간 더블록이 보도했다.,2021-09-14,1,70872,텐센트 세계문화유산 둔황석굴  발행한다
up,스택스 기반 시티코인 프로젝트에 따르면 미국 마이애미시 의회가 최근 투표를 통해 지역 특화 암호화폐 마이애미코인의 만 달러 규모 기부금 펀드 조성을 공식 허용한 것으로 나타났다. 해당 기부금 펀드는 이상 기후 현상을 해결하기 위한 프로그램 소외 지역사회를 위한 이니셔티브 암호화폐 교육 기관 등 마이애미 사회에 도움을 주는 프로젝트를 후원하는 데 사용될 예정이다.,2021-09-14,1,70871,마이애미시 만 달러 규모 마이애미코인 기부금 조성
up,에 따르면 미국 핀테크 앱 머니라이언이 공식 채널을 통해 오는 월 일부터 자사 앱에 비트코인 및 이더리움 거래 기능을 추가할 예정이라고 밝혔다. 또 머니라이언은 암호화폐로 체크카드 사용금액 중 일부를 결제할 수 있는 기능도 추가할 예정이라고 덧붙였다. 머니라이언은 월 말 뉴욕증권거래소 상장을 앞두고 있다.,2021-09-14,1,70870,핀테크 앱 머니라이언 암호화폐 거래 기능 추가 예고
up,암호화폐 전문 미디어 코인데스크에 따르면 조 바이든 미국 대통령이 일 상품선물거래위원회 위원장에 로스틴 베넘 현  위원장 대행을 지명하면서 법학 교수인 크리스틴 존슨과 전 연방정부 관료 크리스틴 골드스미스 로메로를  위원으로 지명할 계획이라고 밝혔다. 크리스틴 골드스미스 로메로는 현재 미국 버지니아 대학에서 겸임 교수로 재직하며 암호화폐 규제 관련 수업을 강의하고 있는 것으로 전해졌다.,2021-09-14,1,70869,바이든  위원에 암호화폐 규제 전문가 크리스티 로메로 지명 예고
up,세계 최대 자산운용사 블랙록의 릭 라이더  최고투자책임자가 야후파이낸스와 인터뷰에서 현재 암호화폐 시장에는 매도자보다 매수자가 더 많은 상황이라며 암호화폐 가격 상승 여력이 있다고 전망했다. 그는 암호화폐는 오랜기간 존재할 수 있는 내구성 자산 에 속하며 개인적으로 여러 투자 포트폴리오에 소량의 암호화폐를 보유 중이라며 벤처캐피털 주식을 보유하는 것과 같이 암호화폐를 보유함으로써 기반 기술인 블록체인의 발전을 이해하는 데 도움 받고 있다고 말했다.,2021-09-14,1,70868,블랙록 최고투자책임자 암호화폐는 내구성 자산... 상승 여력 있다
up,러시아 중앙은행이 현지 시중 은행들에게 암호화폐 관련 카드와 전자결제 거래를 차단하라고 경고했다.,2021-09-14,1,70867,러시아 중앙 은행들 불법 암호화폐 거래 차단해야
up,비트코이니스트에 따르면 알 켈리  비자 최고경영자가 최근 팟캐스트에 출연해 비트코인은 금의 디지털 후계자라며 비자는 암호화폐 구매 및 법정화폐와의 전환 서비스 제공을 위해 노력 중이며 암호화폐를 단순 결제수단이 아닌 현금의 이동수단이 되도록 하는 데 중점을 두고 있다고 말했다. 년 뒤 암호화폐 미래에 대해 그는 매우 성공할수도 반대로 실패로 끝날 수도 있다고 전망했다. 그는 년 뒤 미래를 예측할 만큼 나는 뛰어나지 않지만 비자가 현재 암호화폐 업계 한가운데 있다는 것은 확신한다고 말했다.,2021-09-14,1,70866,비자  암호화폐 결제 수단  현금 이동수단 되도록 할 것
up,암호화폐 데이터 플랫폼 댑레이더에 따르면 일 기준 액시인피니티 거래자 수가 만 명을 돌파했다. 총 거래액은 .억 달러 규모를 나타내며  컬렉션 거래액 중 위에 랭크됐다. 이어서 크립토펑크가 .억 달러의 거래액  명의 거래자 수를 기록하며 위에 올랐다. 코인마켓캡 기준 는 현재 . 내린 . 달러에 거래되고 있다.,2021-09-14,1,70865,액시인피니티 거래자 수 만 명 돌파
up,대형 유통업체 월마트가 라이트코인 결제를 지원한다는 가짜뉴스에 암호화폐 시장이 출렁였다.,2021-09-14,1,70864,월마트 라이트코인 지원 가짜뉴스에 암호화폐 시장 대소동
up,암호화폐 데이터 제공 업체 알터너티브의 자체 추산 공포탐욕 지수가 전날보다  포인트 떨어진 을 기록했다. 투심이 위축되며 공포 단계가 지속됐다. 해당 지수는 에 가까울수록 시장의 극단적 공포를 나타내며 에 가까울수록 극단적 낙관을 의미한다. 공포 탐욕 지수는 변동성 거래량  언급량 설문조사 비트코인 시총 비중 구글 검색량 등을 기준으로 산출된다.,2021-09-14,1,70863,크립토 공포탐욕 지수 ... 투심 악화
up,월가 주요 투자은행 모건스탠리가 암호화폐 전담 연구팀을 출범한다.,2021-09-14,1,70862,모건스탠리 암호화폐 전담 연구팀 신설암호화폐 중요성 높아져
up,블룸버그통신에 따르면 라이트코인 창업자 찰리 리가 최근 월마트가 라이트코인 결제를 도입한다는 허위 소식과 관련 라이트코인재단 소셜미디어 담당자가 허위 사실에 속아 우리 트위터 계정에 이를 게시했으며 가짜 뉴스임을 확인한 후 즉각 삭제했다며 허위 정보 유포 사건은 암호화폐 분야뿐 아니라 주식 시장에서도 종종 발생하며 이에 대해 우리 측이 책임질 의무가 없다고 말했다. 라이트코인 측이 이번 허위 사실을 유포한 게 아니냐는 일부 의혹에 대해 그는 라이트코인은 현재 약 만 개 가맹점에서 사용 중이라며 허위사실을 유포할 동기가 없다고 일축했다. 앞서  등 다수 매체가 월마트가 라이트코인 결제를 도입한다고 보도했으나 얼마 뒤 월마트 측이 해당 소식은 가짜뉴스라며 부인한 바 있다.,2021-09-14,1,70861,라이트코인 창업자 월마트 관련 허위사실 유포 우리 책임 없다
up,암호화폐 거래소 비트렉스 글로벌이 공식 트위터를 통해 한국시간 기준 일 시  마켓에 블록체인 기반 의료 서비스 플랫폼 미스블록의 자체 토큰 를 상장할 예정이라고 공지했다. 는 미스블록 플랫폼의 네이티브 토큰으로 사용자는 생태계에 참여해 의료 정보 공유 및 업무협약 병원 진료비 결제 등에  토큰을 활용할 수 있다.,2021-09-14,1,70860,비트렉스 글로벌 일  마켓에  상장
up,국내 암호화폐 거래소인 보라비트대표이사 강대구가 가상자산에 대한 트래블룰 과 자금세탁방지에 대응할 수 있는 시스템을 개발했다.,2021-09-14,1,70859,보라비트 암호화폐 자금세탁방지 시스템 출원
up,가 글래스노드 데이터를 인용 비트코인 일 이동평균 일일 온체인 트랜잭션 규모가 . 로 년래 최대 규모를 기록했다고 전했다. 한편 지난 월에는 비트코인 일 이동평균 일일 온체인 트랜잭션 수가 만 건을 기록해 년 수준으로 되돌림한 바 있다.,2021-09-14,1,70858,비트코인 온체인 트랜잭션 규모 년래 최대
up,암호화폐 거래소 비트마트가 공식 채널을 통해 한국시간 기준 일 시  및  마켓에 를 상장할 예정이라고 공지했다. 입금은 일 시 출금은 일 시 오픈된다. 공지에 따르면 비트마트는  상장 후 토큰 입금 프로모션 커뮤니티  트레이딩 프로모션 등일 진행할 예정이다.,2021-09-14,1,70857,비트마트 일  마켓에  상장
up,월마트 라이트코인 결제 도입 가짜뉴스 소동,2021-09-14,1,70855,토큰포스트 브리핑   위원장 암호화폐 거래소 대부분 에 등록해야
up,더블록에 따르면 암호화폐 비트코인의 기반이 되는 노드 운용 소프트웨어 개발 단체 비트코인 코어 가 일현지시간 최신 버전 .이 출시됐다고 밝혔다. 이번 업데이트를 통해 원격 프로시저 호출 빌드 시스템 월렛 그래픽 사용자 인터페이스 등 기능이 강화됐다는 설명이다.,2021-09-14,1,70854,비트코인 코어 최신 버전 . 출시
up,더블록에 따르면 비트코인 채굴기업 그리니지 제너레이션 과 기술지원 기업인 서포트닷컴.의 합병이 오는 월 일현지시간 마무리될 것으로 보인다. 미디어는 이에 따라 그리니지가 월 일 나스닥에 상장될 것으로 예상된다고 진단했다. 지난 월 더블록은 제너레이션이 나스닥 상장사인 서포트닷컴과 주식 대 주식 거래로 합병하기로 결정했다고 보도한 바 있다.,2021-09-14,1,70853,채굴업체 그리니지 월 일 나스닥 상장 예상
up,더블록에 따르면 미등록 증권판매 혐의로 미국 증권거래위원회로부터 피소된 개의 미디어 회사가 .억 달러에 합의했다. 이들 기업은 해당 혐의는 인정하지 않는다. 하지만 배상 및 벌금에는 동의한다고 밝혔다. 앞서 는 뉴욕 소재  미디어 그룹 사라카 미디어 그룹 애리조나 피닉스 소재 보이스 오브 구오   미디어 그룹을 미등록 불법 증권  제공 협의로 기소했고 밝혔다. 또한 는 와 사라카 그룹을 코인 달러라고 불리는 디지털 자산을 제공한 혐의를 추가했다. 해당 미디어 그룹들은 투자자들에게 주식 공모에 참여할 것을 요청하며 명 이상의 투자자로부터 .억 달러 규모의 자금을 조달했다.,2021-09-14,1,70852,미등록 증권 판매 혐의로  에 피소된 개 미디어 그룹 .억 달러에 합의
up,미국 증시 대 지수가 혼조세로 장을 마감했다. 다우지수가 . 상승   지수가 . 상승 나스닥 지수 . 하락하며 거래를 마쳤다.,2021-09-14,1,70851,증시 대 지수 혼조 마감
up,미국 하원에서 .조 달러 규모의 사회안전망 강화 예산안이 통과된 가운데 재원 마련 방안으로 암호화폐에 대한 위장매매 가 언급됐다. 미국 정치 전문 미디어 폴리티코가 업계 관계자 발언을 인용 현재 비공개 상태인 리차드 닐  세입세출 위원회 위원장의 계획 보고서에 재원 마련 방안으로 암호화폐 보유자에 대한 새로운 위장매매 규정이 포함됐다고 보도했다. 위장매매는 보유하고 있던 암호화폐를 일부러 손실을 보고 팔아 다시 구매한 뒤 손실액에 적용되는 과세 혜택을 이용하는 방식으로 전통증권 시장에서는 법으로 금지돼 있다. 이밖에 다국적 기업에 대한 세금 인상 개인 퇴직계좌 관련 한도 적용 등도 포함됐다. 미디어는 암호화폐에 대한 규정이 이달 말 전에 공개될 것으로 예상되는 법안에 포함될지 여부는 명확하지 않다고 설명했다.,2021-09-14,1,70850,.조 달러 복지예산 위한 재원마련에 암호화폐 위장매매 언급
up,미국 디지털 자산 전문 은행 아반티 파이낸셜  인 케이틀린 롱 이 자신의 트위터를 통해 월마트의  가짜 파트너십을 언급 사기꾼을 추적할 기관은 미국 증권거래위원회가 아닌 사법부라고 말했다. 그는 법 집행 기관이  거래 관련 정보를 거래소에 요청한 상태라고 덧붙였다. 앞서 월마트 측은  파트너십 관련 가짜 보도자료가 게재된 방법 등을 조사하고 있다고 밝혔다.,2021-09-14,1,70849,아반티  월마트 가짜  파트너십 관련  사법부 거래 정보 요청
up,외신에 따르면 게리 겐슬러 미국 증권거래위원회 위원장이 암호화폐 거래소에 와의 커뮤니케이션을 강화할 것을 촉구했다. 그는 앞서 지난 월 암호화폐 자산은 주로 거래소에서 거래된다. 이들을 포괄하는 투자자 보호제도가 마련되어야 한다. 이들이 등록하고 규제될 수 있도록 연방 차원에서의 규제가 필요하다고 밝힌 바 있다.,2021-09-14,1,70848,외신 미  위원장 거래소에 커뮤니케이션 강화 촉구
up,멀티체인 디파이 플랫폼 루빅 시총 위이 공식 블로그를 통해 탈중앙화 게임 플랫폼 와 파트너십을 체결했다고 발표했다. 루빅은  테스크탑 및 모바일 앱 내   위젯을 추가할 계획이다. 이를 통해 사용자들의 거래 편의성을 제고한다는 설명이다. 코인마켓캡 기준 는 현재 . 내린 . 달러에 거래되고 있다.,2021-09-14,1,70847,루빅 탈중앙화 게임 플랫폼 와 파트너십 체결
up,블룸버그 통신에 따르면 글로벌 투자은행 모건스탠리가 월스트리트의 암호화폐 시장 진출이 계속됨에 따라 암호화폐 연구팀을 새롭게 출범한다고 밝혔다. 해당 팀은 쉬나 샤가  시장전략가가 이끌게 되며 런던을 기반으로 암호화폐가 전세계 주식 및 채권에 미치는 영향 등을 연구할 계획이다. 이와 관련 시장 관계자는 모건스탠리에 암호화폐 전담 연구팀이 창설된다는 것은 전세계 시장에서 암호화폐 및 디지털자산의 중요성이 커지고 있다는 증거라고 평가했다.,2021-09-14,1,70846,모건스탠리 암호화폐 전담 연구팀 출범
up,미국 유명 헤지펀드 스카이브릿지캐피탈 의 최고경영자인 앤서니 스카라무치 가 자신의 트위터를 통해 기업의 암호화폐 시장 진출 확대를 위해 거래 플랫폼 와 파트너십을 체결했다고 밝혔다. 파트너십을 통해 이들 기업은  이니셔티브를 출시 일련의 펀드 투자 유치를 진행할 계획이다. 해당 펀드는 자산 기업증권  이니셔티브 내 자산 토큰화에 초점을 맞추고 있으며 첫 번째 펀드의 목표 금액은 .억 달러다.,2021-09-14,1,70845,스카이브릿지캐피탈  협업... .억 달러 펀드 출시 계획
up,유투데이에 따르면 캐나다 백만장자 케빈 오리어리 가 최근  방송에 출연 이더리움의 확장성 문제를 지적했다. 그는 이더리움은 너무 느리다며 와 경쟁할 다른 블록체인이 나타날 것이라고 말했다. 앞서 그는 이더리움의 가격이 사상 최고 수준까지 치솟았지만 이더리움은 영원히 비트코인의 밑이라고 평가한 바 있다.,2021-09-14,1,70844,억만장자 사업가 케빈 오리어리 너무 느려
up,이더리움 레이어 확장성 솔루션 개발사 옵티미즘이 공식 트위터를 통해 메인넷 처리량 한도를 두배로 늘렸다고 밝혔다. 이어 시간 기준 최대 건의 거래를 처리할 수 있다. 한도에 도달하면 가스 수수료가 자동 인상된다며 시스템에 대한 확신이 생기면서 처리량 한도를 점진적으로 늘리고 있다고 설명했다.,2021-09-14,1,70843,이더리움 확장성 솔루션 옵티미즘 메인넷 처리량 한도 두배로 확대
up, 뉴스그룹 보도에 따르면 키프로스 공화국 증권거래위원회가 일현지시간 암호자산서비스제공업체 등록절차 및 운영에 대한 세부정책을 발표했다. 는 암호화폐 자산이 각종 법률에서 지정하는 금융상품 혹은 디지털화폐 정의에 부합한다며 암호화폐가 중앙은행 혹은 공공기관에서 발행하지는 않지만 디지털 가치적 대표성을 가진다고 밝혔다. 새로 발표된 정책 프레임워크에 따라 암호화폐 관련 서비스 제공 업체는 자금세탁 및 테러 방지 규정을 준수해야 한다. 앞서 지난 월 의 디미트라 칼로게루  위원장은  설립 주년 기념 연설에서 암호화폐 서비스 제공 업체 등록제를 비롯해 암호화폐 관련 지침을 준비하고 있다. 감독관리는 자금세탁방지에 초점을 맞출 것이라고 밝힌 바 있다.,2021-09-14,1,70842,키프로스 암호화폐 정책 발표... 암호화폐 법적 지위 인정
down,에 따르면 글로벌 금융 투자 중개기업 인터랙티브 브로커즈 그룹  이 일현지시간 달러 기반 스테이블코인 의 발행사 팍소스 트러스트 컴퍼니  를 통해     거래 및 커스터디 서비스를 제공한다고 밝혔다.,2021-09-13,0,70841,글로벌 금융투자 중개업체 팍소스 통해 암호화폐 거래 및 커스터디 제공
down,복수의 외신에 따르면 월마트 측이 와의 파트너십 소식은 가짜 뉴스라고 공식 입장을 밝혔다.,2021-09-13,0,70840,월마트  파트너십은 가짜뉴스
down,가 를 포함한 다수의 미디어가 월마트와 의 파트너십 뉴스를 헤드라인으로 내보냈으나 실제 팩트인지 명확하게 밝혀지지 않고 있다고 전했다. 미디어에 따르면 월마트 측은 이에 대한 공식 입장을 밝히지 않은 상태다. 는 또한 공지사항에 공개된 연락 이메일 중 하나가 서비스가 중단된 웹사이트와 연결되어 있었다고 덧붙였다.,2021-09-13,0,70839,월마트 파트너십 뉴스 사실 여부 불명확
down, 데이터에 따르면 지난 시간 주요 거래소에서 .억 달러 규모의 암호화폐 선물 포지션이 강제 청산됐다.  포지션이 만 달러  포지션이 만 달러를 나타냈다.,2021-09-13,0,70838,지난 시간 .억 달러 규모 포지션 강제 청산
down,복수의 외신에 따르면 월마트 공식  계정이 월마트의  결제 채널 도입 컨텐츠를 삭제한 것으로 나타났다. 앞서 글로브뉴스와이어 로이터 야후 파이낸스  등은 월마트가 와 파트너십을 체결하고 결제를 지원할 예정이라고 보도했다.,2021-09-13,0,70837,공식  계정 월마트 결제 도입 컨텐츠 삭제
down,코인니스 마켓 모니터링에 따르면 가 반등세를 나타내며  달러선을 일시 터치했다. 바이낸스  마켓 기준 는 현재 . 오른 . 달러에 거래되고 있다. 월마트는 앞서 라이트 코인 결제를 지원한다고 밝힌 바 있다.,2021-09-13,0,70836,반등  달러선 터치...월마트 결제 지원 영향
down,복수의 외신에 따르면 월마트가  결제를 지원한다고 밝혔다.,2021-09-13,0,70835,월마트 와 파트너십
down,코인니스 마켓 모니터링에 따르면 가 단기 반등세를 나타내며  달러선을 회복했다. 바이낸스  마켓 기준 는 현재 . 내린 . 달러에 거래되고 있다.,2021-09-13,0,70834,단기 반등  달러선 회복
down,피델리티 산하 암호화폐 전문 투자사 피델리티 디지털 에셋이 오는 연말까지월부터 직원수를 최대  늘릴 계획이라고 밝혔다. 투자 자문사 패밀리 오피스 기관투자자들의 암호화폐 투자 수요가 확대됨에 따라 암호화폐 관련 상품을 강화한다는 방침이다. 이와 관련해 피델리티 디지털 에셋 측은 향후 스테이블코인 디파이 토큰과 관련된 수익형 펀드 및 기타 투자 상품 출시를 검토하고 있다고 밝혔다. 지난 월 피델리티는 미국 증권거래위원회에 비트코인  상품 출시 승인을 요청한 바 있다. 또한 앞서 피델리티가 지난해 월부터 지난 월까지 자체 진행한 조사에 따르면 패밀리 오피스의 약 가 암호화폐 투자에 긍정적인 입장인 것으로 조사됐다.,2021-09-13,0,70833,피델리티 디지털 에셋 연말까지 직원  늘릴 예정..기관 수요 확대
down,미국 증권거래위원회가 홈페이지를 통해 개 미디어 회사에 주식 및 디지털 자산 불법 판매 혐의로 기소했다고 밝혔다. 공지에 따르면 뉴욕 소재  미디어 그룹 사라카 미디어 그룹 애리조나 피닉스 소재 보이스 오브 구오   미디어 그룹을 미등록 불법 증권  제공 협의로 기소했다. 또한 는 와 사라카 그룹을 코인 달러라고 불리는 디지털 자산을 제공한 혐의를 추가했다. 해당 미디어 그룹들은 투자자들에게 주식 공모에 참여할 것을 요청하며 명 이상의 투자자로부터 .억 달러 규모의 자금을 조달했다.,2021-09-13,0,70832,미등록 증권 판매 혐의로 개 미디어 그룹 기소
down,세계 최대 암호화폐 자산운용사 그레이스케일이 미국 대체 투자 플랫폼 아이캐피탈 네트워크 와 파트너십을 체결했다고 밝혔다. 이를 통해 양사는 아이캐피탈 보유 고액 자산가 고객을 대상으로 암호화폐 투자 전략을 제공한다는 계획이다.,2021-09-13,0,70831,그레이스케일  대체 투자 플랫폼과 파트너십
down,캐나다 비즈니스 미디어 비즈니스뉴스네트워크블룸버그에 따르면 미국 유명 브랜드 컨텐츠  발행 플랫폼 리큐어가 .억 달러의 밸류에이션으로 만 달러 규모의  라운드 투자를 유치했다. 이번 투자는 메타버스 투자 플랫폼 디지털이 주도했다. 리큐어는 이번 투자금을 통해 라이선스 권한과 파트너십을 확장할 것이라고 밝혔다. 앞서 리큐어는 월 디파이얼라이언스 제미니 볼트 캐피탈 델피 디지털로부터 만 달러 규모의 시드 투자를 유치한 바 있다.,2021-09-13,0,70830,콘텐츠  플랫폼 만 달러 규모  라운드 투자 유치
down,복수의 외신에 따르면 코인베이스가 억 달러 규모의 선순위 채권을 발행할 예정이다. 이를 통해 조달한 자금은 프로덕트 개발 및 투자 등 일반 용도로 사용될 예정이다.,2021-09-13,0,70829,외신 코인베이스 억 달러 규모 선순위 채권 발행 예정
down,마이크로스트레티지가  를 추가 매입했다고 밝혔다. 평단가  달러에 총 .억 달러 어치를 매수했다. 이로써 지금까지 마이크로스트레티지는 .억 달러를 들여  를 매입했다. 평단가는  달러다.,2021-09-13,0,70828,마이크로스트레티지   추가 매입
down,유투데이에 따르면 카르다노 개발사 의 기술 책임자인 케빈 해먼드 가 트위터를 통해 카르다노 전용 스마트 컨트랙트 플랫폼 플루투스의 스크립트 토큰 팩토리를 통해    개의 를 발행했다고 밝혔다. 해당 토큰들은 각각 스마트 컨트랙트 기능이 활성화된 직후 블록고도   에서 민팅되었다.,2021-09-13,0,70827,개발자 플루투스서 기반  발행
down,블룸버그에 따르면 올해 들어 비트코인 채굴에 소비된 에너지량이 이미 년 전체 에너지 소비량을 넘어선 것으로 나타났다. 또한 이는 파키스탄에서 소비되는 연간 전력 소비량과 맞먹는 규모다.,2021-09-13,0,70826,올해  채굴 전력 소비량 이미 년 전체 소비량 넘어
down,크립토뉴스에 따르면 러시아 중앙은행이 최근 공식 성명을 통해 은행과 전자 결제 운영업체들은 그림자 경제를 근절하기 위해 불법 상업 활동에 사용되는 계좌 그리고 암호화폐 거래소 등에서 사용하는 디지털 월렛을 식별해야 한다고 밝혔다. 중앙은행은 그러면서 국내 금융 기관들은 그림자 경제와 연관된 계좌 활동을 중단시키고 관련 서비스를 멈춰야 한다고 강조했다. 미디어에 따르면 러시아 중앙은행은 은행들에 공문을 발송 불법 의혹 거래와 정상적인  상업 거래를 효율적으로 구별할 수 있는 시스템을 갖추도록 주문했다.,2021-09-13,0,70825,러시아 중앙은행 불법 상업 활동 사용 암호화폐 거래소 월렛 식별해야
down,암호화폐 마켓 데이터 플랫폼 코인트렌즈닷컴.에 따르면 지난 시간 동안 트위터에서 가장 많이 언급된 암호화폐는 회로 나타났다. 이어서 회 회가 각각 위와 위를 차지했다. 위위에는 회 회 회 회 회 회 회가 순서대로 이름을 올렸다.,2021-09-13,0,70824,지난 한시간 트위터 언급 횟수  위  위
down,합성자산 프로토콜 신세틱스가 위젠 버전에서     등 레이어 내 거래량이 상대적으로 작은 합성 자산 거래를 중단할 예정이라고 밝혔다. 이후 해당 자산을들 레이어에 다시 상장할 지 여부를 평가한다는 방침이다. 이에 대해 신세틱스는 거래가 중단되는 자산들은 거래량이 작다는 것 외에도 거래 비용이 높으며 일정한 리스크가 존재한다. 레이어 버전의 신세틱스는 이같은 문제를 해결 할 수 있을 것이다라고 밝혔다.,2021-09-13,0,70823,신세틱스 일부  합성자산 거래 중단.. 재상장 여부 평가
down, 데이터에 따르면 월 일 기준 지난 시간  거래량이 억 달러로 나타났다. 거래량 는 각각  .억 달러 .억 달러  .억 달러 .억 달러 .억 달러다.,2021-09-13,0,70822,지난 시간  거래량 억 달러
down,핀테크 전문 온라인 미디어 파이넥스트라가 딜로이트의 설문조사를 인용 조사대상 분의  이상의 영국 소재 금융 기업들이 향후 년 내 디지털 자산이 법정화폐의 대안 혹은 대체 화폐가 될 것이라고 답했다 전했다. 조사에 따르면 응답자의 가 디지털 자산을 투자와 포트폴리오 다각화 수단으로 보고있으며 가 새로운 결제 채널 개발에 사용될 수 있다고 답했다. 이와 관련해 기업형 블록체인 기술 기업 의 전무이사 찰리 쿠퍼 는 브렉시트가 디지털화폐의 대안화에 대한 관심을 높였으며 파운드의 약화와 안정화에 대한 우려가 팬데믹과 함께 디지털 자산의 중요성을 부각시키고 있다고 밝혔다.,2021-09-13,0,70821,설문조사 영국 금융 기업  디지털 자산 년 내 법정화폐 대안될 것
down,동남아시아 최대 은행 싱가포르개발은행가 기업 투자자 프라이빗 투자자들을 중심으로 뚜렷한 암호화폐 투자 수요가 있다고 밝혔다. 는 로이터와의 인터뷰에서 클라이언트 전용 거래소로 설립한  디지털 거래소의 신규 클라이언트를 월까지 배로 늘릴 것이며 향후 년간 매년  성장할 것을 기대한다며 이같이 밝혔다.  디지털 거래소는 지난해 월 설립된 세계 최초 은행 기반 풀 서비스 디지털 거래소다. 거래소는 현재     싱가포르 달러 엔화 등 거래를 지원한다. 는 또한 오는 년말까지 최소 개의 증권형 토큰을 지원할 예정이라고 밝혔다.  증권사는 싱가포르 금융당국으로부터 거래소를 통해 자산운용사와 기업이 디지털 결제 토큰을 거래할 수 있도록 지원할 수 있는 라이센스를 발급받은 상태다. 미디어에 따르면 는 디지털 자산 거래소 탄소 배출권 거래소 등 신규 비즈니스를 통해 총 .억 달러의 매출을 기록할 것으로 전망하고 있다.,2021-09-13,0,70820,동남아 최대 은행 기업프라이빗 투자자 암호화폐 투자 수요 뚜렷
down,국제 신용평가사 무디스가 최근 보고서를 통해 낮은 수수료와 보증금으로 인해 국가간 결제 및 청산에 가 광범위하게 사용될 경우 전통 은행들에게는 위협이 될 것이라고 진단했다. 무디스는 국가간 송금 결제 청산 등 업무 비중이 높은 은행들의 경우 이같은 압박이 더욱 세게 다가올 것이라고 덧붙였다.,2021-09-13,0,70819,무디스 국가간 결제 및 청산  도입 전통 은행에 위협
down,코인데스크에 따르면 유럽 대표 헤지펀드인 브레번하워드 자산운용사   가 암호화폐 거래 업체  디지털의 전 최고경영자인 콜린 설리번 을 영입했다고 밝혔다. 향후 브레번하워드 내 암호화폐 투자 부문을 이끌 예정이다. 이와 별도로 브레번하워드는 암호화폐 및 디지털 자산 운용을 위한 사업부  디지털도 신설할 계획이라고 덧붙였다. 앞서 브레번하워드는 억 달러 규모의 메인 헤지펀드 운용 자산 중 최대 .를 디지털자산에 투자하겠다고 밝힌 바 있다.,2021-09-13,0,70818,유럽 헤지펀드 암호화폐 투자 부문 총괄로  전  영입
down,특정금융정보법특금법의 시행에 앞서 국내 암호화폐 거래소의 줄 폐업이 예상되는 가운데 금융위원회에서는 정보보호관리체계 인증 거래소에 대한 현황을 공개했다.,2021-09-13,0,70815,인증 거래소 개로 늘어미인증 거래소 주의 필요
down,연합뉴스에 따르면 정부가 지난 일 기준으로 가상자산거래업자 곳과 가상자산 지갑사업자 곳이 정보보호관리체계 인증을 받았다고 일 발표했다. 나머지 거래소는 일부터 영업을 중단해야 하므로 투자자는 피해가 없도록 각별히 유의해야 한다고 정부는 당부했다.,2021-09-13,0,70814,코인 거래소 곳 필수인증 확보...나머지 영업중단 예상
down,이더리움 레이어 네트워크 관련 데이터 플랫폼 비트에 따르면 일 기준 이더리움 레이어 네트워크에 락업된 암호화폐 예치금이 억 달러를 돌파했다. 그중 아비트럼이 약 억 달러의 예치금 규모를 기록하며 점유율 위를 기록했다. 아비트럼의 락업 예치금 규모는 전주 대비 . 상승했으며 시장 점유율은 .를 나타냈다. 이어서 의 락업 예치금 규모가 .억 달러를 기록하며 위를 나타냈다.,2021-09-13,0,70813,이더리움 레이어 네트워크 암호화폐 락업 예치금 억 달러 돌파
down,크립토닷컴이 공식 트위터를 통해 프랑스 유명 축구구간 파리 생제르맹의 경기 티켓 제공 프로모션을 진행한다고 밝혔다. 참여 방법은 크립토닷컴 앱 다운로드 후 이벤트 기간 내 최소  달러 상당의 를 순매수하면 된다. 참가자 중 명에게는 파리 생제르맹 경기 티켓과 함께  달러 상당 가 제공된다. 앞서 크립토닷컴은 공식 채널을 통해 파리 생제르맹과 공식 파트너십을 체결한 데 이어 파리 생제르맹 팬토큰 를 상장한 바 있다.,2021-09-13,0,70812,크립토닷컴 파리 생제르맹 경기 티켓 제공 프로모션 진행
down,외신 노바크에 따르면 카르다노 기반 올인원 결제 프로토콜 가 만 달러 규모  펀드를 조성한다고 밝혔다. 이를 통해 카르다노 생태계 프로젝트의 커뮤니티  해커톤 등을 지원한다는 계획이다. 앞서 는 를 통해 만 달러 자금을 조달한 바 있다.,2021-09-13,0,70811,카르다노 기반 올인원 결제 프로토콜  만 달러 규모 펀드 조성
down,코인니스 마켓 모니터링에 따르면 가 단기 하락 흐름을 지속하며  달러선을 일시 반납했다. 바이낸스  마켓 기준 는 현재 . 내린 . 달러에 거래되고 있다.,2021-09-13,0,70810,낙폭 확대  달러선 일시 반납
down,여당이 암호화폐 과세 방식에 대해 다시 논의하기로 했다.,2021-09-13,0,70809,암호화폐 과세 정책 재논의암호화폐 성격 재정의 필요
down,암호화폐 전문 미디어 코인텔레그래프가 이번주 비트코인 마켓 관련 주목해야할 이슈 개를 꼽았다. ,2021-09-13,0,70808,외신 이번주 주목할만한 비트코인 이슈
down,코인데스크에 따르면 디지털자산 신용 관리 플랫폼 엑스마진이 만 달러 시리즈  투자를 유치했다고 밝혔다. 이번 투자에는 코인베이스 벤처스 해시키 캐피털 스파르탄 그룹 제미니 등이 참여했다. 앞서 엑스마진은 영지식증명 기술을 통해 디지털 자산을 거래하는 기관에 억만 달러 규모 이용자 신용 데이터를 제공한 바 있다.,2021-09-13,0,70807,신용 관리 플랫폼 엑스마진 만 달러 시리즈  투자 유치
down,한국블록체인협회는 년 월 일  한국차산업혁명정책센터와 국내 가상자산사업자 트래블룰 구현과 글로벌 표준화 제안을 위한 연구에 관한 용역 계약을 체결했다.,2021-09-13,0,70806,한국블록체인협회 와 트래블룰 구축 위해 손잡아